{
    "fold number": 1,
    "train loss": [
        1.4021726668566123,
        0.9798820673049181,
        0.9360097036964592,
        0.9211654985088041,
        0.9093720885528915,
        0.9039084671557635,
        0.8995828539475628,
        0.8972962159534981,
        0.8936509931909626,
        0.8924935364175117,
        0.8907099160654791,
        0.8898623517189903,
        0.8869043239231768,
        0.8864964291282084,
        0.8855655532458733,
        0.8843586479110279,
        0.8807158172130585,
        0.8804158705404435,
        0.8795151087059372,
        0.8788620367132384,
        0.8759335625445706,
        0.8760253571230789,
        0.8743702344510748,
        0.8739403356080768,
        0.8727404036741148
    ],
    "test loss": [
        1.006536641786265,
        0.9529099367385687,
        0.9273095907166947,
        0.9163623008617136,
        0.9077546485634738,
        0.9131311025730399,
        0.9133785921473836,
        0.9050402003665303,
        0.90078420001407,
        0.9023728550866593,
        0.906497158283411,
        0.9042064838631209,
        0.8992363464000613,
        0.8954050097354623,
        0.9011786898901296,
        0.9008501684942911,
        0.9057957432990851,
        0.9004500161769778,
        0.8991456974384396,
        0.8974601695703905,
        0.9000245332717896,
        0.9012741987095323,
        0.8959523328514987,
        0.9236980538035549,
        0.8990914031516674
    ]
}