{
    "fold number": 2,
    "train loss": [
        1.527066431853963,
        1.0054362001775325,
        0.9420955609316113,
        0.9137114947554709,
        0.9044951923277186,
        0.8956259468506123,
        0.8922408089555544,
        0.8914834648028187,
        0.8864689883829533,
        0.8843768660364479,
        0.8848630368024454,
        0.8825119983875889,
        0.8793758681450767,
        0.8805820496602991,
        0.8774459985480911,
        0.8789697532681213,
        0.875293078778804,
        0.8740388021386903,
        0.8722999017129,
        0.8711527085852349,
        0.8717569095649939,
        0.8683709704327858,
        0.871253409947472,
        0.8685714287319403,
        0.8663928587546293
    ],
    "test loss": [
        1.0791113695432974,
        0.9969213341557702,
        0.9522857984831167,
        0.9440933202588281,
        0.9364757080410802,
        0.9327735956325087,
        0.942663736121599,
        0.9281434416770935,
        0.9299552606981855,
        0.930118860200394,
        0.9245803661124651,
        0.9213242738745934,
        0.927306074042653,
        0.923294257285983,
        0.9264639588289483,
        0.9319400135860887,
        0.9215553402900696,
        0.9248685060545455,
        0.9299319400343784,
        0.9178079352822415,
        0.92193355948426,
        0.9227080899615621,
        0.9279029438661974,
        0.9273164244585259,
        0.917158399903497
    ]
}