{
    "fold number": 4,
    "train loss": [
        1.45277601480484,
        0.9920677583793114,
        0.9492641272901119,
        0.9265724410270822,
        0.9152739568688404,
        0.911417668235713,
        0.908381683730531,
        0.9023589906336247,
        0.9016990613663334,
        0.898202672086913,
        0.8964019352677225,
        0.8946176236388327,
        0.8949480173231541,
        0.8916461724659492,
        0.890241055653013,
        0.8886504457599815,
        0.8887350319445818,
        0.8845506817444988,
        0.8850385121915533,
        0.8841817015889047,
        0.8812734268862625,
        0.8799136469418976,
        0.8790440165448463,
        0.8790606763856165,
        0.8749072836048302
    ],
    "test loss": [
        1.0051718783933064,
        0.9228414865427239,
        0.9040294164835021,
        0.8881119822346887,
        0.8740934313729752,
        0.8733268227688101,
        0.8703669988831808,
        0.873072317866392,
        0.8736812888189803,
        0.8686785794967828,
        0.8625033012656278,
        0.8644992598267489,
        0.8635238977365716,
        0.8613578760346701,
        0.875545063684153,
        0.8662138179291127,
        0.8559106394302013,
        0.86373314885206,
        0.8617740439814191,
        0.8575448754221894,
        0.863648884518202,
        0.8636397691660149,
        0.8626547968664835,
        0.8604509969090306,
        0.862243115901947
    ]
}