{
    "fold number": 0,
    "train loss": [
        1.6056862586531147,
        1.0538316697909915,
        0.977060452617448,
        0.9388301954872307,
        0.9242446097149246,
        0.9148168245266224,
        0.909340900251235,
        0.9033660124773266,
        0.8983400522292345,
        0.8963442626355709,
        0.8946588220952572,
        0.8916989335383492,
        0.8910336179294805,
        0.8881326793939218,
        0.8864736670050127,
        0.8859101105695484,
        0.88351744927209,
        0.8828882599013975,
        0.8801233025117853,
        0.879015718725906,
        0.8778775351485987,
        0.878390184421649,
        0.8787508343143025,
        0.8752156999604456,
        0.8734841035015282
    ],
    "test loss": [
        1.1437163630197213,
        1.0214773264042167,
        0.9468782738197682,
        0.9258417043575021,
        0.9151606532030327,
        0.9012419165566911,
        0.8962430801502493,
        0.8994177094725675,
        0.8991128428037777,
        0.8986517814702766,
        0.8901303576868634,
        0.8929135189499966,
        0.8969534580097642,
        0.8948946539745775,
        0.8923082337823025,
        0.8933191604392473,
        0.8967084759889647,
        0.8908077104147091,
        0.8883523372716682,
        0.8815377867499063,
        0.884838646234468,
        0.8924446300018666,
        0.8921323127524797,
        0.8923864725024201,
        0.884533148865367
    ]
}