{
    "fold number": 3,
    "train loss": [
        1.5140460304830266,
        1.0154692373056522,
        0.9542836351641293,
        0.9280160298977775,
        0.9151199853968346,
        0.9060617692169102,
        0.9019386973874323,
        0.8956086008713163,
        0.8938031498043016,
        0.8902765485061996,
        0.8878487591770874,
        0.8851439692508215,
        0.8840343852837881,
        0.8834463440138718,
        0.8822778309213704,
        0.8797636847386415,
        0.8781823882426338,
        0.8754017466101153,
        0.8753769750567688,
        0.8744007146906578,
        0.8732874023503271,
        0.8701209967163788,
        0.8698636492093405,
        0.8708870900773454,
        0.8683849723859766
    ],
    "test loss": [
        1.0996633255204489,
        0.989048978617025,
        0.9392984135206356,
        0.9300736771073452,
        0.9228610784508461,
        0.9118340611457825,
        0.9160699303760085,
        0.9158117133517598,
        0.9100150576857633,
        0.9070332355277483,
        0.9121745644613753,
        0.9120228997496671,
        0.9055831501650256,
        0.9130720925885577,
        0.9027458997659905,
        0.9102939381155857,
        0.9043889447700145,
        0.9111085936080577,
        0.9023398854011713,
        0.899618572966997,
        0.9063222422156223,
        0.9066687863926555,
        0.9063661528188128,
        0.9032151421835256,
        0.9060456004253653
    ]
}